frame_interval,time_interval,msd,msd_std
1.0,600.2135620117188,5.211531884821822,0.13097888921131715
2.0,1200.4271240234375,14.25016184031565,0.2686803054501221
3.0,1800.6406860351562,28.88214853972851,0.5166935942690687
