frame_interval,time_interval,msd,msd_std
1.0,600.2135620117188,5.043941451080323,0.10275694396830888
2.0,1200.4271240234375,14.142541527906552,0.2604126700739066
3.0,1800.6406860351562,28.83806167974613,0.5174687782063687
