frame_interval,time_interval,crmsd,crmsd_std
1.0,600.2135620117188,1.5658592705545502,0.06743781603848589
2.0,1200.4271240234375,2.7276254889158817,0.12221826971529114
3.0,1800.6406860351562,3.847421338885511,0.2266363644466663
